domena,typ
inpost.eu,strona marki
dhlparcel.pl,strona marki
pocztex.pl,strona marki
envelo.pl,strona marki
furgonetka.pl,pośrednik kurierski
apaczka.pl,pośrednik kurierski
sendit.pl,pośrednik kurierski
epaka.pl,pośrednik kurierski
globkurier.pl,pośrednik kurierski
allegro.pl,marketplace
vinted.pl,marketplace
olx.pl,marketplace
trustpilot.com,opinie
opineo.pl,opinie
money.pl,media
bankier.pl,media
businessinsider.com.pl,media
spidersweb.pl,media
antyweb.pl,media
wiadomoscihandlowe.pl,media
rp.pl,media
gazetaprawna.pl,media
onet.pl,media
interia.pl,media
wp.pl,media
reddit.com,forum
wykop.pl,forum
facebook.com,media społecznościowe
youtube.com,wideo
wikipedia.org,encyklopedia
gov.pl,urząd
allekurier.pl,pośrednik kurierski
shipcenter.pl,pośrednik kurierski
kurierem.pl,pośrednik kurierski
znajdzkuriera.pl,pośrednik kurierski
ceneo.pl,porównywarka cen